<?xml version="1.0" encoding="utf-8" ?>
<Project xmlns="http://schemas.microsoft.com/developer/msbuild/2003" DefaultTargets="Build">
  <PropertyGroup>
    <NuGetPath  Condition=" '$(NuGetPath)' == '' "></NuGetPath>
    <OutputDirectory  Condition=" '$(OutputDirectory)' == '' ">packages</OutputDirectory>
  </PropertyGroup>

  <Target Name="Build">
    <MSBuild Projects="SmartHead.sln" Properties="Configuration=Release;Platform=Any CPU" />
    <CallTarget Targets="Nuget" />
  </Target>
  <Target Name="Nuget">
    <Exec Command="mkdir $(OutputDirectory)" ContinueOnError="true" />
    <Exec WorkingDirectory="nuget" Command="for /R %%f in (*.nuspec) do nuget.exe pack %%f -OutputDirectory $(OutputDirectory)" />
  </Target>
</Project>